student,test_result
1,incorrect
2,correct identification
3,incorrect
4,incorrect
5,incorrect
6,incorrect
7,correct identification
8,incorrect
9,incorrect
10,correct identification
11,incorrect
12,incorrect
13,incorrect
14,incorrect
15,correct identification
16,incorrect
17,incorrect
18,incorrect
19,correct identification
20,incorrect
21,incorrect
22,incorrect
23,correct identification
24,correct identification
25,incorrect
26,correct identification
27,incorrect
28,incorrect
29,correct identification
30,correct identification
31,incorrect
32,incorrect
33,incorrect
34,correct identification
35,correct identification
36,incorrect
37,incorrect
38,correct identification
39,correct identification
40,correct identification
41,correct identification
42,correct identification
43,incorrect
44,incorrect
45,incorrect
46,correct identification
47,correct identification
48,incorrect
49,incorrect
50,incorrect
51,incorrect
52,incorrect
53,incorrect
54,incorrect
55,correct identification
56,incorrect
57,correct identification
58,incorrect
59,incorrect
60,incorrect
61,incorrect
62,correct identification
63,incorrect
64,correct identification
65,incorrect